{"cameraMode":{"drawMode":0,"name":"Shaded","section":"Shading Mode"},"sceneLighting":true,"audioPlay":false,"sceneViewState":{"m_AlwaysRefresh":false,"showFog":true,"showSkybox":true,"showFlares":true,"showImageEffects":true,"showParticleSystems":true,"showVisualEffectGraphs":true,"m_FxEnabled":true},"in2DMode":false,"pivot":{"x":0.21187007427215577,"y":0.7328212261199951,"z":0.5761978626251221},"rotation":{"x":0.124669149518013,"y":-0.4307768940925598,"z":0.06022169068455696,"w":0.8917758464813232},"size":1.8404457569122315,"orthographic":true}